First,Last,Pts,OB,Spd,Pos,Fld,SO,GB,FB,BB,1B,1B+,2B,3B,HR,Have,Set,Num,Tm
Garret,Anderson,230,7,15,CF,2,0,3,2,0,7,1,3,0,4,1,Base,1,ANA
Garret,Anderson,230,7,15,LFRF,1,0,3,2,0,7,1,3,0,4,1,Base,1,ANA
Randy,Velarde,210,8,15,2B,4,1,2,0,5,8,1,2,0,1,0,PR,1,TEX
Darin,Erstad,510,10,20,LFRF,2,0,3,1,2,9,1,2,0,2,0,Base,2,ANA
Ron,Gant,270,8,15,LFRF,1,3,1,1,6,4,0,1,0,4,0,Base,3,ANA
Troy,Glaus,440,9,15,3B,2,3,0,0,8,2,1,2,0,4,0,Base,4,ANA
Adam,Kennedy,110,6,20,2B,3,0,1,2,0,9,2,3,2,1,1,Base,6,ANA
Adam,Piatt,170,8,15,LFRF,0,4,0,1,5,7,0,0,1,2,0,PR,6,OAK
Ben,Grieve,250,8,10,LFRF,1,2,1,0,5,6,0,3,0,3,0,PR,7,TBD
Ben,Molina,140,7,10,C,7,0,2,2,1,11,0,2,0,2,1,Base,8,ANA
Tim,Salmon,340,9,10,LFRF,1,2,0,1,7,5,0,2,0,3,1,Base,11,ANA
Scott,Spiezio,250,8,15,DH,0,2,1,2,6,4,0,1,0,4,0,Base,13,ANA
Homer,Bush,110,7,20,2B,4,1,3,0,2,11,2,1,0,0,0,PR,14,TOR
Mo,Vaughn,260,8,10,1B,0,3,0,0,6,6,0,1,0,4,1,Base,14,ANA
Danny,Bautista,150,7,15,LFRF,1,0,3,1,1,8,1,2,2,2,1,Base,17,ARI
Juan,Pierre,180,8,20,CF,2,0,3,0,1,13,2,0,1,0,0,PR,17,COL
Juan,Pierre,180,8,20,LFRF,1,0,3,0,1,13,2,0,1,0,0,PR,17,COL
Jay,Bell,250,8,15,2B,3,0,1,3,5,6,0,2,1,2,1,Base,18,ARI
Jose,Valentin,400,8,20,CF,1,2,0,2,4,4,1,3,1,3,1,PR,18,CHW
Jose,Valentin,400,8,20,LFRF,1,2,0,2,4,4,1,3,1,3,1,PR,18,CHW
Jose,Valentin,400,8,20,SS,3,2,0,2,4,4,1,3,1,3,1,PR,18,CHW
Greg,Colbrunn,270,9,10,1B,0,0,1,2,6,7,0,2,0,2,1,Base,19,ARI
Juan,Gonzalez,290,8,10,LFRF,1,2,1,2,2,6,0,3,0,4,0,PR,19,CLE
Derek,Bell,200,8,15,LFRF,1,2,2,0,6,5,1,2,0,2,0,PR,20,PIT
Steve,Finley,340,8,15,CF,1,0,1,2,5,4,1,2,1,4,1,Base,20,ARI
Steve,Finley,340,8,15,LFRF,1,0,1,2,5,4,1,2,1,4,1,Base,20,ARI
Luis,Gonzalez,360,9,10,LFRF,1,0,1,2,5,6,0,3,0,3,1,Base,21,ARI
Enrique,Wilson,140,7,15,3B,1,0,3,1,2,9,1,3,0,1,0,PR,23,PIT
Enrique,Wilson,140,7,15,SS,3,0,3,1,2,9,1,3,0,1,0,PR,23,PIT
Dave,Magadan,190,9,10,1B,1,0,2,1,8,7,0,1,0,1,0,PR,24,SDP
Dave,Magadan,190,9,10,3B,1,0,2,1,8,7,0,1,0,1,0,PR,24,SDP
Kelly,Stinnett,50,6,10,C,5,4,1,1,4,7,0,0,0,3,1,Base,27,ARI
Matt,Williams,120,7,10,3B,2,0,3,2,1,9,0,3,0,2,0,Base,29,ARI
Tony,Womack,110,7,20,SS,2,0,3,2,1,8,3,1,2,0,1,Base,30,ARI
Bobby,Bonilla,140,8,10,LFRF,0,2,0,3,6,5,0,2,1,1,1,Base,32,ATL
Rafael,Furcal,250,9,20,SS,1,1,2,0,7,6,3,1,0,0,0,Base,33,ATL
Jimmy,Rollins,170,7,20,SS,3,2,2,1,4,5,2,1,2,1,0,PR,33,PHI
Andres,Galarraga,300,8,15,1B,0,2,1,0,3,8,0,2,0,4,1,Base,34,ATL
Sandy,Alomar Jr.,130,7,10,C,3,0,2,1,0,12,0,3,0,2,0,PR,35,CHW
Andruw,Jones,450,9,20,CF,2,1,3,1,3,5,1,2,1,3,0,Base,36,ATL
Andruw,Jones,450,9,20,LFRF,1,1,3,1,3,5,1,2,1,3,0,Base,36,ATL
Chipper,Jones,400,9,15,3B,1,0,2,1,6,5,1,2,0,3,0,Base,37,ATL
Roosevelt,Brown,120,7,15,LFRF,0,2,0,1,3,8,1,3,0,2,0,PR,38,CHC
Brian,Jordan,180,7,15,LFRF,2,0,2,2,3,7,1,2,0,3,1,Base,38,ATL
Wally,Joyner,100,8,10,1B,0,0,0,4,5,9,0,1,0,1,1,Base,39,ATL
Alex,Rodriguez,640,10,15,SS,4,1,1,0,7,4,1,2,0,4,0,PR,39,TEX
Andres,Galarraga,370,9,15,DH,0,1,2,0,5,7,1,2,1,1,0,PR,40,TEX
Keith,Lockhart,70,7,15,2B,3,0,3,2,3,9,1,1,1,0,1,Base,40,ATL
Javy,Lopez,240,8,10,C,4,1,3,1,2,8,0,2,0,3,1,Base,41,ATL
B.J.,Surhoff,220,8,15,LFRF,1,0,2,3,2,7,1,3,0,2,1,Base,46,ATL
Quilvio,Veras,320,9,20,2B,2,1,2,0,7,6,2,1,0,1,1,Base,47,ATL
Brady,Anderson,330,9,20,CF,1,2,0,2,8,4,1,1,0,2,1,Base,48,BAL
Brady,Anderson,330,9,20,LFRF,1,2,0,2,8,4,1,1,0,2,1,Base,48,BAL
Albert,Belle,240,8,10,LFRF,1,0,2,3,2,7,0,3,0,3,1,Base,49,BAL
Chris,Stynes,350,9,15,2B,3,1,3,0,2,10,0,2,0,2,0,PR,49,BOS
Chris,Stynes,350,9,15,3B,2,1,3,0,2,10,0,2,0,2,0,PR,49,BOS
Jeff,Conine,220,8,15,3B,2,0,2,3,3,8,0,2,0,2,0,Base,50,BAL
Jeff,Conine,220,8,15,LFRF,1,0,2,3,3,8,0,2,0,2,1,Base,50,BAL
Delino,DeShields,320,9,20,2B,2,1,3,1,4,5,2,3,0,1,1,Base,51,BAL
Delino,DeShields,320,9,20,LFRF,1,1,3,1,4,5,2,3,0,1,1,Base,51,BAL
Todd,Walker,180,8,15,2B,1,0,2,1,4,8,1,2,1,1,0,PR,51,COL
Fernando,Seguignol,190,7,10,1B,0,5,0,0,3,5,0,3,0,4,0,PR,52,MON
Fernando,Seguignol,190,7,10,LFRF,0,5,0,0,3,5,0,3,0,4,0,PR,52,MON
Trenidad,Hubbard,320,9,10,DH,0,2,2,1,6,4,0,1,0,4,1,Base,53,BAL
Luis,Matos,60,6,20,CF,3,0,4,1,4,6,3,0,2,0,0,Base,54,BAL
Luis,Matos,60,6,20,LFRF,2,0,4,1,4,6,3,0,2,0,0,Base,54,BAL
Billy,McMillon,160,9,10,DH,0,2,0,2,6,7,0,2,0,1,1,PR,55,DET
Gary,Bennett,110,7,10,C,4,2,1,0,6,7,0,2,0,2,0,PR,56,PHI
Melvin,Mora,220,8,20,SS,2,2,1,2,3,7,1,2,1,1,1,Base,56,BAL
Corey,Patterson,100,5,20,CF,2,3,0,0,4,2,3,2,1,5,0,PR,57,CHC
Corey,Patterson,100,5,20,LFRF,1,3,0,0,4,2,3,2,1,5,0,PR,57,CHC
Joe,Crede,140,7,10,3B,1,2,0,1,3,10,0,1,0,3,0,PR,59,CHW
A.J.,Pierzynski,130,7,15,C,4,1,1,3,0,9,0,4,1,1,0,PR,60,MIN
Chris,Richard,130,7,15,1B,0,2,1,2,5,4,1,2,0,3,1,Base,60,BAL
Ben,Davis,110,7,15,C,3,5,1,0,5,6,0,1,0,2,0,PR,61,SDP
Cal,Ripken Jr.,190,7,10,3B,2,0,2,2,3,7,0,2,0,4,0,Base,61,BAL
Dante,Bichette,260,8,15,LFRF,1,1,1,2,3,8,0,2,0,3,1,Base,64,BOS
Carl,Everett,460,9,15,CF,1,4,1,0,4,4,1,2,0,4,1,Base,66,BOS
Carl,Everett,460,9,15,LFRF,1,4,1,0,4,4,1,2,0,4,1,Base,66,BOS
Ron,Gant,370,8,15,LFRF,1,1,1,1,5,5,0,1,1,5,0,PR,66,COL
Jerry,Hairston Jr.,240,8,20,2B,4,0,2,1,7,6,1,2,0,1,0,PR,67,BAL
Nomar,Garciaparra,510,10,15,SS,2,0,1,2,2,9,0,4,0,2,0,Base,68,BOS
Mike,Lansing,40,6,15,2B,1,0,3,1,2,9,1,1,1,2,0,Base,69,BOS
Darren,Lewis,100,7,20,CF,2,0,4,1,4,8,2,0,0,1,1,Base,70,BOS
Darren,Lewis,100,7,20,LFRF,1,0,4,1,4,8,2,0,0,1,1,Base,70,BOS
David,Segui,300,9,10,1B,0,0,3,0,3,10,0,2,0,2,0,PR,70,BAL
Russ,Davis,180,7,15,3B,1,3,0,3,2,7,0,1,0,4,0,PR,71,SFG
Trot,Nixon,250,9,15,LFRF,1,2,1,2,6,4,1,2,1,1,1,Base,74,BOS
Rico,Brogna,100,7,15,1B,0,3,2,0,2,8,0,3,0,2,0,PR,75,ATL
Jose,Offerman,140,8,10,1B,0,0,1,2,7,8,0,0,1,1,1,Base,75,BOS
Jose,Offerman,140,8,10,2B,1,0,1,2,7,8,0,0,1,1,1,Base,75,BOS
Troy,O'Leary,110,7,10,LFRF,1,0,2,2,3,8,0,3,0,2,1,Base,76,BOS
Jason,Varitek,150,8,10,C,3,2,2,1,6,5,0,3,0,1,1,Base,77,BOS
Damon,Buford,100,7,15,CF,1,3,1,0,5,8,0,1,0,2,0,Base,79,CHC
Damon,Buford,100,7,15,LFRF,1,3,1,0,5,8,0,1,0,2,0,Base,79,CHC
Joe,Girardi,80,7,10,C,7,1,3,0,3,11,0,1,0,1,1,Base,80,CHC
Ellis,Burks,520,10,15,LFRF,1,0,2,1,5,7,0,1,1,3,0,PR,81,CLE
Mark,Grace,210,9,10,1B,0,0,1,2,7,6,0,3,0,1,0,Base,81,CHC
Willie,Greene,110,6,15,3B,3,4,2,0,6,1,1,2,1,3,1,Base,82,CHC
Alfonso,Soriano,110,6,20,2B,2,4,0,1,0,7,1,4,1,2,0,PR,82,NYY
Ricky,Gutierrez,230,9,15,SS,2,0,4,0,7,6,1,1,0,1,1,Base,83,CHC
Wes,Helms,60,6,10,1B,0,4,0,1,0,10,0,1,1,3,0,PR,84,ATL
Wes,Helms,60,6,10,3B,1,4,0,1,0,10,0,1,1,3,0,PR,84,ATL
Erubiel,Durazo,320,9,10,1B,0,2,0,1,7,6,0,1,0,3,1,PR,86,ARI
Erubiel,Durazo,320,9,10,LFRF,1,2,0,1,7,6,0,1,0,3,1,PR,86,ARI
Jeff,Reed,50,7,10,C,6,3,0,0,10,6,0,0,0,1,0,Base,86,CHC
Sammy,Sosa,490,9,15,LFRF,0,3,0,0,4,6,0,2,0,5,0,Base,87,CHC
Jose,Ortiz,230,8,15,2B,2,1,0,3,3,8,1,2,0,2,0,PR,88,OAK
Rondell,White,230,8,15,LFRF,2,2,1,0,4,8,1,2,0,2,1,Base,90,CHC
Eric,Young,320,9,20,2B,3,0,4,1,4,5,3,2,0,1,1,Base,92,CHC
Bubba,Trammell,190,8,15,LFRF,1,3,1,1,5,5,1,2,0,2,0,PR,93,SDP
Ray,Durham,360,9,20,2B,3,1,3,1,5,5,1,2,1,1,0,Base,94,CHW
Jacob,Cruz,250,9,15,CF,1,0,5,0,3,8,0,3,0,1,0,PR,95,CLE
Jacob,Cruz,250,9,15,LFRF,1,0,5,0,3,8,0,3,0,1,0,PR,95,CLE
Charles,Johnson,460,9,15,C,6,3,1,0,4,6,0,2,0,4,0,Base,97,CHW
Mark L.,Johnson,100,7,15,C,8,1,1,2,7,6,1,1,0,1,1,Base,98,CHW
D'Angelo,Jimenez,90,7,15,2B,0,3,1,1,5,8,0,0,1,1,0,PR,99,NYY
D'Angelo,Jimenez,90,7,15,SS,2,3,1,1,5,8,0,0,1,1,0,PR,99,NYY
Paul,Konerko,250,9,10,1B,0,0,3,2,4,7,0,2,0,2,1,Base,99,CHW
Carlos,Lee,260,8,15,LFRF,1,1,2,1,2,8,1,2,0,3,1,Base,100,CHW
Julio,Zuleta,180,7,15,1B,0,5,0,1,1,6,0,3,0,4,0,PR,100,CHC
Charles,Johnson,370,9,10,C,6,3,1,0,5,6,0,2,0,3,1,PR,101,FLA
Magglio,Ordonez,420,9,20,LFRF,1,0,2,2,3,7,1,2,0,3,1,Base,101,CHW
Tsuyoshi,Shinjo,130,6,20,CF,2,5,1,0,2,5,2,1,0,4,0,PR,102,NYM
Tsuyoshi,Shinjo,130,6,20,LFRF,1,5,1,0,2,5,2,1,0,4,0,PR,102,NYM
Herbert,Perry,240,8,15,3B,2,2,2,0,2,9,0,3,0,2,0,Base,103,CHW
Marcus,Giles,150,7,20,2B,2,3,1,1,6,4,1,2,0,2,0,PR,104,ATL
Craig,Counsell,150,8,15,2B,2,1,2,2,4,9,0,1,1,0,0,PR,105,ARI
Craig,Counsell,150,8,15,3B,2,1,2,2,4,9,0,1,1,0,0,PR,105,ARI
Craig,Counsell,150,8,15,SS,3,1,2,2,4,9,0,1,1,0,0,PR,105,ARI
Chris,Singleton,160,7,20,CF,2,1,4,1,1,7,2,1,1,2,1,Base,105,CHW
Chris,Singleton,160,7,20,LFRF,1,1,4,1,1,7,2,1,1,2,1,Base,105,CHW
Ruben,Mateo,220,7,20,CF,2,3,2,0,1,7,1,3,0,3,0,PR,106,TEX
Ruben,Mateo,220,7,20,LFRF,1,3,2,0,1,7,1,3,0,3,0,PR,106,TEX
Frank,Thomas,440,10,10,DH,0,1,0,2,6,5,0,3,0,3,0,Base,107,CHW
Marlon,Anderson,120,7,20,2B,2,1,2,2,3,8,1,1,1,1,0,PR,108,PHI
Jose,Valentin,390,8,20,SS,3,2,0,2,4,4,1,3,1,3,1,Base,108,CHW
Mark,Grace,300,10,10,1B,0,0,1,3,7,5,0,3,0,1,0,PR,109,ARI
Aaron,Boone,240,8,15,3B,3,2,0,2,4,6,1,3,0,2,1,Base,110,CIN
Russ,Branyan,240,7,10,3B,1,5,0,0,6,2,0,0,1,6,0,PR,110,CLE
Russ,Branyan,240,7,10,LFRF,1,5,0,0,6,2,0,0,1,6,0,PR,110,CLE
Sean,Casey,280,9,10,1B,0,1,2,1,4,7,0,3,0,2,1,Base,111,CIN
Ken,Griffey Jr.,420,9,15,CF,2,2,0,2,7,4,0,1,0,4,0,Base,113,CIN
Ken,Griffey Jr.,420,9,15,LFRF,1,2,0,2,7,4,0,1,0,4,0,Base,113,CIN
Jason,LaRue,80,5,15,C,3,2,0,0,4,4,1,4,0,5,0,PR,113,CIN
Benji,Gil,130,7,20,SS,3,2,2,0,6,6,1,2,0,1,0,PR,114,ANA
Barry,Larkin,320,9,20,SS,1,0,2,1,5,7,1,2,1,1,0,Base,115,CIN
Bill,Mueller,170,8,15,3B,2,0,3,2,4,8,0,2,0,1,0,PR,115,CHC
Alex,Ochoa,330,8,20,LFRF,1,0,2,2,3,5,1,3,1,3,1,Base,116,CIN
Timoniel,Perez,150,7,20,LFRF,1,0,1,2,0,11,1,3,1,1,0,PR,118,NYM
Pokey,Reese,210,7,20,2B,4,0,1,3,3,6,3,1,1,2,1,Base,118,CIN
Johnny,Damon,340,9,20,CF,2,0,2,2,4,6,2,2,1,1,0,PR,119,OAK
Johnny,Damon,340,9,20,LFRF,1,0,2,2,4,6,2,2,1,1,0,PR,119,OAK
Chris,Stynes,320,9,15,3B,2,1,3,1,2,9,0,2,0,2,0,Base,119,CIN
Eddie,Taubensee,100,7,10,C,3,1,3,0,2,11,0,1,0,2,1,Base,121,CIN
Michael,Tucker,330,9,20,LFRF,1,3,0,2,7,3,1,1,1,2,0,Base,122,CIN
Mike,Darr,160,7,20,CF,2,1,2,0,4,8,1,2,1,1,0,PR,123,SDP
Mike,Darr,160,7,20,LFRF,2,1,2,0,4,8,1,2,1,1,0,PR,123,SDP
Felipe,Crespo,230,8,15,LFRF,0,1,1,2,3,8,1,1,1,2,0,PR,124,SFG
Dmitri,Young,230,8,10,LFRF,1,0,5,0,1,8,0,3,1,2,1,Base,124,CIN
Roberto,Alomar,410,9,20,2B,2,0,3,1,4,6,2,2,0,2,0,Base,125,CLE
Sandy,Alomar Jr.,120,7,15,C,3,0,3,0,0,13,0,2,1,1,1,Base,126,CLE
Luis,Rivas,110,7,20,2B,2,1,2,2,3,6,1,4,1,0,0,PR,127,MIN
Aubrey,Huff,200,8,10,3B,1,2,0,2,4,7,0,3,0,2,0,PR,129,TBD
Wil,Cordero,190,7,10,LFRF,1,1,1,1,2,7,0,4,1,3,1,Base,130,CLE
Paul,Lo Duca,100,7,15,C,6,0,3,2,4,7,1,2,0,1,0,PR,130,LAD
Eric,Davis,220,9,15,LFRF,1,2,2,0,6,8,0,1,0,1,1,PR,131,SFG
Travis,Fryman,300,9,10,3B,2,1,1,1,5,8,0,2,0,2,0,Base,132,CLE
Fernando,Tatis,370,9,15,3B,2,3,0,1,7,3,1,2,0,3,0,PR,132,MON
Kenny,Lofton,290,9,20,CF,1,0,3,2,5,5,2,1,1,1,1,Base,134,CLE
Kenny,Lofton,290,9,20,LFRF,1,0,3,2,5,5,2,1,1,1,1,Base,134,CLE
Manny,Ramirez,560,10,10,LFRF,0,2,0,0,6,5,0,3,0,4,0,Base,135,CLE
Scott,Hatteberg,180,9,10,C,0,1,2,1,7,6,0,2,0,1,0,PR,136,BOS
David,Segui,320,9,10,1B,0,0,3,0,3,9,0,3,0,2,1,Base,136,CLE
Jim,Thome,310,9,10,1B,0,3,0,0,9,3,0,2,0,3,0,Base,137,CLE
Melvin,Mora,170,8,20,CF,0,2,1,2,4,7,1,1,1,1,1,PR,138,BAL
Melvin,Mora,170,8,20,LFRF,0,2,1,2,4,7,1,1,1,1,1,PR,138,BAL
Omar,Vizquel,250,9,20,SS,2,0,2,2,6,8,1,1,0,0,1,Base,138,CLE
Ken,Caminiti,380,9,15,3B,1,1,1,1,7,5,1,1,0,3,0,PR,140,TEX
Dave,Martinez,110,8,15,LFRF,1,1,1,2,4,9,1,1,1,0,0,PR,141,ATL
Dave,Martinez,110,8,15,1B,0,1,1,2,4,9,1,1,1,0,0,PR,141,ATL
Jeff,Cirillo,300,9,15,3B,2,0,2,1,4,8,0,4,0,1,1,Base,142,COL
Robert,Fick,130,7,20,1B,0,3,1,1,6,4,1,1,1,2,0,PR,142,DET
Robert,Fick,130,7,20,C,2,3,1,1,6,4,1,1,1,2,0,PR,142,DET
Mike,Bordick,230,8,15,SS,2,1,1,2,3,8,1,2,0,2,0,PR,143,BAL
Jeff,Frye,190,9,15,2B,2,1,2,0,4,12,0,1,0,0,1,Base,143,COL
Jeffrey,Hammonds,380,9,20,LFRF,1,1,0,2,3,9,1,2,0,2,0,Base,144,COL
Doug,Mientkiewicz,190,8,15,1B,0,2,0,2,4,8,0,2,0,2,0,PR,144,MIN
Darryl,Hamilton,220,9,15,CF,3,0,3,2,4,9,0,1,1,0,0,PR,145,NYM
Darryl,Hamilton,220,9,15,LFRF,2,0,3,2,4,9,0,1,1,0,0,PR,145,NYM
Todd,Helton,560,10,15,1B,1,0,1,1,5,6,0,4,0,3,0,Base,145,COL
Todd,Hollandsworth,200,7,20,CF,1,2,1,0,4,6,2,2,0,3,0,Base,146,COL
Todd,Hollandsworth,200,7,20,LFRF,1,2,1,0,4,6,2,2,0,3,0,Base,146,COL
Butch,Huskey,110,8,10,DH,0,2,1,1,6,7,0,1,0,2,1,Base,147,COL
Vernon,Wells,100,6,20,CF,2,4,1,0,4,3,2,3,1,2,0,PR,147,TOR
Vernon,Wells,100,6,20,LFRF,1,4,1,0,4,3,2,3,1,2,0,PR,147,TOR
Rey,Ordonez,10,6,15,SS,2,0,2,1,3,11,1,2,0,0,0,PR,148,NYM
Brad,Ausmus,200,8,15,C,8,0,2,1,7,6,1,2,0,1,0,PR,149,HOU
Brent,Mayne,130,8,10,C,4,0,2,2,4,10,0,1,0,1,1,Base,149,COL
Neifi,Perez,200,7,15,SS,5,0,3,2,0,10,0,3,1,1,1,Base,150,COL
Todd,Hundley,330,8,10,C,2,4,0,1,5,4,0,1,0,5,0,PR,151,CHC
Terry,Shumpert,200,7,20,2B,2,1,0,2,6,5,1,1,2,2,1,Base,151,COL
Terry,Shumpert,200,7,20,3B,2,1,0,2,6,5,1,1,2,2,1,Base,151,COL
Terry,Shumpert,200,7,20,LFRF,1,1,0,2,6,5,1,1,2,2,1,Base,151,COL
Larry,Walker,340,9,15,LFRF,2,0,3,0,6,6,0,2,1,2,1,Base,152,COL
Tyler,Houston,240,6,15,3B,3,3,1,1,0,5,0,3,0,7,0,PR,153,MIL
Tyler,Houston,240,6,15,C,4,3,1,1,0,5,0,3,0,7,0,PR,153,MIL
Manny,Ramirez,490,10,10,LFRF,0,2,0,0,6,6,0,3,0,3,0,PR,155,BOS
Brad,Ausmus,210,8,15,C,9,0,2,1,6,7,1,2,0,1,1,Base,156,DET
Luis,Lopez,180,7,15,2B,3,3,1,1,3,7,0,3,0,2,0,PR,156,MIL
Luis,Lopez,180,7,15,SS,2,3,1,1,3,7,0,3,0,2,0,PR,156,MIL
Rich,Becker,280,9,15,CF,2,2,1,0,10,5,0,0,0,2,1,Base,157,DET
Rich,Becker,280,9,15,LFRF,1,2,1,0,10,5,0,0,0,2,1,Base,157,DET
Luis,Sojo,180,7,15,2B,4,0,3,2,0,10,0,3,0,2,0,PR,157,NYY
Luis,Sojo,180,7,15,3B,1,0,3,2,0,10,0,3,0,2,0,PR,157,NYY
Tony,Clark,280,8,10,1B,0,3,2,0,4,5,0,2,0,4,1,Base,158,DET
Tony,Gwynn,260,9,15,LFRF,0,0,2,2,1,11,0,3,0,1,0,PR,158,SDP
Roger,Cedeno,260,9,20,LFRF,1,1,2,0,6,6,4,0,1,0,0,PR,159,DET
Deivi,Cruz,130,7,10,SS,3,0,3,1,0,10,0,4,1,1,1,Base,159,DET
Royce,Clayton,150,7,15,SS,3,1,3,1,3,7,1,1,1,2,0,PR,160,CHW
Damion,Easley,280,8,20,2B,4,1,2,1,6,5,1,2,0,2,1,Base,160,DET
Juan,Encarnacion,180,7,20,CF,1,1,2,0,1,10,1,2,1,2,1,Base,161,DET
Juan,Encarnacion,180,7,20,LFRF,1,1,2,0,1,10,1,2,1,2,1,Base,161,DET
Olmedo,Saenz,220,9,10,DH,0,2,2,0,6,6,0,2,0,2,0,PR,161,OAK
Brook,Fordyce,190,7,10,C,3,1,0,2,3,9,0,1,0,4,0,PR,162,BAL
Juan,Gonzalez,190,7,10,LFRF,0,1,1,1,2,8,0,3,0,4,0,Base,162,DET
Dee,Brown,100,6,20,LFRF,1,5,0,0,2,6,1,2,1,3,0,PR,163,KCR
Shane,Halter,90,7,15,1B,0,3,1,2,1,9,1,1,1,1,1,Base,163,DET
Shane,Halter,90,7,15,3B,2,3,1,2,1,9,1,1,1,1,1,Base,163,DET
Bobby,Higginson,450,9,20,LFRF,2,1,0,3,4,5,1,3,0,3,1,Base,164,DET
Jack,Wilson,100,7,15,SS,3,3,2,1,3,7,0,2,1,1,0,PR,165,PIT
Pedro,Feliz,130,5,10,3B,2,1,0,1,0,8,0,2,1,7,0,PR,166,SFG
Dean,Palmer,260,8,15,3B,0,4,0,1,5,5,0,1,0,4,1,Base,168,DET
Luis,Castillo,340,10,20,2B,2,1,3,0,5,8,3,0,0,0,0,Base,171,FLA
Cliff,Floyd,440,9,20,LFRF,1,2,1,1,4,4,2,3,0,3,0,Base,173,FLA
Alex,Gonzalez,10,4,20,SS,2,3,1,2,0,3,4,3,2,2,1,Base,174,FLA
Mark,Kotsay,230,8,20,LFRF,2,0,3,1,2,9,1,2,1,1,1,Base,175,FLA
Derrek,Lee,260,8,10,1B,0,3,0,0,5,7,0,1,0,4,1,Base,176,FLA
Mike,Lowell,280,8,15,3B,2,0,0,4,5,5,0,3,0,3,1,Base,178,FLA
Mike,Redmond,30,7,10,C,6,0,4,1,3,11,0,0,1,0,1,Base,180,FLA
Henry,Rodriguez,190,7,10,LFRF,1,2,0,2,4,5,0,3,0,4,1,Base,181,FLA
Mark,Smith,60,7,15,LFRF,1,5,1,0,4,7,0,2,0,1,0,Base,183,FLA
Preston,Wilson,270,7,20,CF,2,3,0,0,4,3,3,3,0,4,1,Base,184,FLA
Preston,Wilson,270,7,20,LFRF,1,3,0,0,4,3,3,3,0,4,1,Base,184,FLA
Moises,Alou,510,10,15,LFRF,1,0,1,3,3,8,0,2,0,3,0,Base,185,HOU
Jeff,Bagwell,560,10,15,1B,0,2,0,1,7,4,0,2,0,4,0,Base,186,HOU
Lance,Berkman,400,9,15,LFRF,1,2,1,0,7,4,1,2,0,3,0,Base,187,HOU
Craig,Biggio,260,9,15,2B,3,1,2,0,8,6,1,0,1,1,1,Base,188,HOU
Tim,Bogar,20,5,15,SS,4,0,1,1,7,8,0,0,1,2,0,Base,189,HOU
Richard,Hidalgo,500,9,15,CF,3,2,0,1,5,4,1,3,0,4,0,Base,193,HOU
Richard,Hidalgo,500,9,15,LFRF,2,2,0,1,5,4,1,3,0,4,0,Base,193,HOU
Julio,Lugo,240,8,20,2B,2,2,1,1,4,6,2,2,1,1,1,Base,196,HOU
Julio,Lugo,240,8,20,SS,2,2,1,1,4,6,2,2,1,1,1,Base,196,HOU
Mitch,Meluskey,290,9,10,C,3,3,0,1,6,7,0,1,0,2,1,Base,197,HOU
Bill,Spiers,210,9,15,2B,3,0,4,1,5,8,1,1,0,0,0,Base,198,HOU
Bill,Spiers,210,9,15,3B,2,0,4,1,5,8,1,1,0,0,0,Base,198,HOU
Bill,Spiers,210,9,15,SS,3,0,4,1,5,8,1,1,0,0,0,Base,198,HOU
Daryle,Ward,200,6,10,1B,0,3,0,2,0,5,0,2,1,7,0,Base,199,HOU
Daryle,Ward,200,6,10,LFRF,1,3,0,2,0,5,0,2,1,7,0,Base,199,HOU
Carlos,Beltran,190,7,20,CF,2,1,3,1,3,6,2,1,1,2,1,Base,200,KCR
Carlos,Beltran,190,7,20,LFRF,1,1,3,1,3,6,2,1,1,2,1,Base,200,KCR
Johnny,Damon,350,9,20,CF,2,0,2,2,3,7,2,2,1,1,0,Base,202,KCR
Johnny,Damon,350,9,20,LFRF,1,0,2,2,3,7,2,2,1,1,0,Base,202,KCR
Jermaine,Dye,370,9,10,LFRF,1,1,1,1,4,7,0,3,0,3,1,Base,203,KCR
Carlos,Febles,90,7,20,2B,2,0,3,0,7,7,2,1,0,0,1,Base,204,KCR
Dave,McCarty,210,7,10,1B,1,2,1,0,2,8,0,2,1,4,1,Base,205,KCR
Mark,Quinn,260,8,15,LFRF,1,2,2,1,2,7,0,3,0,3,1,Base,206,KCR
Joe,Randa,230,8,15,3B,2,0,2,2,1,11,0,2,0,2,1,Base,207,KCR
Rey,Sanchez,130,7,15,SS,5,0,4,0,1,13,1,1,0,0,1,Base,209,KCR
Mike,Sweeney,380,10,15,1B,0,0,2,2,5,8,0,1,0,2,1,Base,213,KCR
Gregg,Zaun,250,9,15,C,3,0,2,2,7,6,1,1,0,1,0,Base,214,KCR
Adrian,Beltre,280,8,15,3B,2,0,1,2,4,7,1,2,0,3,1,Base,216,LAD
Alex,Cora,50,6,15,SS,2,0,2,1,3,8,1,2,2,1,1,Base,218,LAD
Tom,Goodwin,210,8,20,CF,2,2,2,0,5,5,4,0,1,1,1,Base,220,LAD
Tom,Goodwin,210,8,20,LFRF,1,2,2,0,5,5,4,0,1,1,1,Base,220,LAD
Shawn,Green,280,8,20,LFRF,1,1,2,0,6,4,1,3,1,2,1,Base,221,LAD
Mark,Grudzielanek,150,8,15,2B,2,0,4,1,3,8,1,2,1,0,0,Base,222,LAD
Dave,Hansen,310,9,10,DH,0,2,1,0,8,3,0,2,1,3,1,Base,223,LAD
Todd,Hundley,150,7,15,C,1,2,1,2,0,9,1,2,1,2,1,Base,224,LAD
Eric,Karros,190,7,15,1B,0,1,0,2,5,6,0,2,0,4,1,Base,225,LAD
Chad,Kreuter,240,9,10,C,7,2,1,0,10,5,0,1,0,1,1,Base,226,LAD
Gary,Sheffield,550,10,15,LFRF,1,0,1,2,7,5,0,1,0,4,0,Base,229,LAD
Ron,Belliard,190,8,15,2B,3,0,3,1,6,6,0,2,1,1,1,Base,231,MIL
Henry,Blanco,160,7,10,C,11,3,0,3,4,5,0,3,0,2,0,Base,232,MIL
Jeromy,Burnitz,240,8,15,LFRF,1,2,1,1,8,3,0,2,0,3,1,Base,233,MIL
Marquis,Grissom,90,6,20,CF,2,1,2,1,1,10,2,0,1,2,1,Base,236,MIL
Marquis,Grissom,90,6,20,LFRF,1,1,2,1,1,10,2,0,1,2,1,Base,236,MIL
Charlie,Hayes,90,7,10,1B,0,2,0,1,7,8,0,0,0,2,1,Base,237,MIL
Charlie,Hayes,90,7,10,3B,2,2,0,1,7,8,0,0,0,2,1,Base,237,MIL
Jose,Hernandez,140,7,15,3B,1,3,2,0,4,7,0,2,0,2,0,Base,239,MIL
Jose,Hernandez,140,7,15,SS,3,3,2,0,4,7,0,2,0,2,0,Base,239,MIL
Geoff,Jenkins,380,8,20,LFRF,1,3,1,0,2,5,1,3,1,4,1,Base,240,MIL
Mark,Loretta,150,7,10,SS,5,0,3,0,4,9,0,3,0,1,1,Base,242,MIL
Richie,Sexson,300,8,15,1B,1,4,0,0,5,5,0,2,0,4,1,Base,243,MIL
Richie,Sexson,300,8,15,LFRF,1,4,0,0,5,5,0,2,0,4,1,Base,243,MIL
Jay,Canizaro,140,7,15,2B,1,1,1,1,3,8,1,3,0,2,1,Base,245,MIN
Ron,Coomer,130,7,15,1B,1,0,3,1,2,10,0,2,0,2,1,Base,246,MIN
Cristian,Guzman,160,7,20,SS,2,1,5,0,2,5,2,1,3,1,0,Base,247,MIN
Denny,Hocking,260,9,15,2B,2,2,1,1,5,7,1,2,1,0,0,Base,249,MIN
Denny,Hocking,260,9,15,CF,2,2,1,1,5,7,1,2,1,0,0,Base,249,MIN
Denny,Hocking,260,9,15,LFRF,1,2,1,1,5,7,1,2,1,0,0,Base,249,MIN
Torii,Hunter,160,7,15,CF,3,2,2,0,1,10,1,1,2,1,1,Base,250,MIN
Torii,Hunter,160,7,15,LFRF,2,2,2,0,1,10,1,1,2,1,1,Base,250,MIN
Jacque,Jones,170,7,15,LFRF,1,2,3,0,0,8,1,2,1,3,1,Base,251,MIN
Corey,Koskie,280,9,15,3B,2,2,1,0,6,7,0,2,1,1,1,Base,252,MIN
Matt,Lawton,300,9,20,LFRF,0,0,3,0,6,6,1,3,0,1,0,Base,253,MIN
Matt,LeCroy,110,6,10,C,5,2,0,2,5,5,0,1,1,4,1,Base,254,MIN
David,Ortiz,180,9,10,DH,0,2,2,1,5,5,0,4,0,1,0,Base,256,MIN
Michael,Barrett,60,7,10,3B,1,0,5,1,2,9,0,2,0,1,1,Base,260,MON
Michael,Barrett,60,7,10,C,4,0,5,1,2,9,0,2,0,1,1,Base,260,MON
Peter,Bergeron,70,7,15,CF,2,1,3,0,5,7,1,2,1,0,0,Base,261,MON
Peter,Bergeron,70,7,15,LFRF,1,1,3,0,5,7,1,2,1,0,0,Base,261,MON
Milton,Bradley,110,7,15,CF,2,1,2,0,6,7,1,2,0,1,1,Base,262,MON
Milton,Bradley,110,7,15,LFRF,1,1,2,0,6,7,1,2,0,1,1,Base,262,MON
Orlando,Cabrera,120,6,15,SS,4,0,4,2,0,7,0,4,0,3,0,Base,263,MON
Vladimir,Guerrero,470,9,15,LFRF,1,0,3,0,2,8,0,2,1,4,0,Base,264,MON
Wilton,Guerrero,60,7,20,LFRF,1,0,6,0,1,11,1,0,1,0,0,Base,265,MON
Terry,Jones,20,6,20,CF,0,2,4,0,0,8,3,2,1,0,0,Base,267,MON
Terry,Jones,20,6,20,LFRF,1,2,4,0,0,8,3,2,1,0,0,Base,267,MON
Mike,Mordecai,130,7,15,3B,1,2,2,0,3,7,1,3,0,2,1,Base,270,MON
Lee,Stevens,180,7,10,1B,0,2,1,0,4,6,0,3,0,4,1,Base,271,MON
Jose,Vidro,400,9,15,2B,3,0,3,1,2,8,0,4,0,2,0,Base,274,MON
Edgardo,Alfonzo,460,10,15,2B,3,0,0,3,7,6,0,2,0,2,0,Base,275,NYM
Derek,Bell,200,8,15,LFRF,1,2,2,0,6,5,1,2,0,2,0,Base,276,NYM
Mike,Bordick,220,8,15,SS,2,1,1,3,3,7,1,2,0,2,0,Base,278,NYM
Lenny,Harris,60,7,20,DH,0,0,5,1,2,6,3,0,2,1,1,Base,280,NYM
Jay,Payton,220,8,15,CF,2,0,3,2,2,9,0,2,0,2,0,Base,282,NYM
Jay,Payton,220,8,15,LFRF,1,0,3,2,2,9,0,2,0,2,0,Base,282,NYM
Mike,Piazza,450,9,15,C,3,0,1,2,4,7,0,2,0,4,0,Base,283,NYM
Todd,Pratt,230,8,10,C,6,1,1,1,7,7,0,0,0,3,1,Base,284,NYM
Bubba,Trammell,170,7,15,LFRF,1,2,0,1,6,4,1,2,1,3,1,Base,286,NYM
Robin,Ventura,220,7,15,3B,3,1,1,1,7,4,0,2,0,4,1,Base,287,NYM
Todd,Zeile,190,8,15,1B,0,0,2,2,6,5,0,3,0,2,1,Base,290,NYM
Scott,Brosius,100,6,10,3B,3,0,1,2,5,7,0,2,0,3,1,Base,291,NYY
Derek,Jeter,410,10,20,SS,1,1,2,1,4,8,1,2,0,1,0,Base,295,NYY
David,Justice,420,9,15,LFRF,1,1,2,1,6,4,0,2,0,4,1,Base,296,NYY
Chuck,Knoblauch,200,9,20,2B,0,0,3,2,5,7,1,2,0,0,0,Base,297,NYY
Tino,Martinez,130,7,15,1B,0,0,2,2,3,7,0,3,1,2,1,Base,298,NYY
Paul,O'Neill,200,8,15,LFRF,2,0,4,1,3,8,1,1,0,2,1,Base,301,NYY
Jorge,Posada,430,10,10,C,6,4,0,0,8,4,0,2,0,2,0,Base,303,NYY
Jose,Vizcaino,80,7,15,2B,4,1,4,1,2,10,1,0,1,0,1,Base,305,NYY
Bernie,Williams,430,9,15,CF,1,0,4,0,4,5,1,2,1,3,0,Base,306,NYY
Bernie,Williams,430,9,15,LFRF,1,0,4,0,4,5,1,2,1,3,0,Base,306,NYY
Eric,Chavez,260,8,15,3B,1,1,1,2,4,7,0,1,1,3,1,Base,308,OAK
Ryan,Christenson,190,8,15,LFRF,1,3,1,0,6,7,0,0,1,2,1,Base,309,OAK
Jason,Giambi,570,11,10,1B,0,1,0,1,9,5,0,1,0,3,0,Base,310,OAK
Jeremy,Giambi,200,8,15,LFRF,1,3,0,1,6,6,0,1,1,2,0,Base,311,OAK
Ben,Grieve,270,8,15,LFRF,1,2,1,0,5,6,0,3,0,3,1,Base,312,OAK
Ramon,Hernandez,110,7,10,C,5,0,4,1,4,7,0,2,0,2,1,Base,314,OAK
Terrence,Long,210,8,15,CF,1,0,4,1,2,8,0,2,1,2,0,Base,317,OAK
Terrence,Long,210,8,15,LFRF,0,0,4,1,2,8,0,2,1,2,0,Base,317,OAK
Matt,Stairs,130,7,15,LFRF,0,2,0,1,9,3,0,2,0,3,1,Base,320,OAK
Miguel,Tejada,270,8,15,SS,2,1,2,1,4,7,0,2,0,3,1,Base,321,OAK
Randy,Velarde,190,8,15,2B,4,2,1,1,5,8,1,1,0,1,0,Base,322,OAK
Bobby,Abreu,510,10,20,LFRF,2,2,1,1,6,4,1,2,1,2,0,Base,323,PHI
Pat,Burrell,240,8,10,1B,0,3,0,0,7,4,0,3,0,3,1,Base,325,PHI
Pat,Burrell,240,8,10,LFRF,1,3,0,0,7,4,0,3,0,3,1,Base,325,PHI
Rob,Ducey,30,7,15,DH,0,3,0,2,10,2,0,1,0,2,1,Base,327,PHI
Doug,Glanville,140,7,20,CF,2,0,4,1,0,10,2,1,1,1,1,Base,328,PHI
Doug,Glanville,140,7,20,LFRF,1,0,4,1,0,10,2,1,1,1,1,Base,328,PHI
Kevin,Jordan,10,5,10,2B,3,0,5,1,0,9,0,2,1,2,0,Base,330,PHI
Kevin,Jordan,10,5,10,3B,2,0,5,1,0,9,0,2,1,2,0,Base,330,PHI
Travis,Lee,150,8,15,1B,0,1,3,1,7,4,1,2,0,1,1,Base,331,PHI
Travis,Lee,150,8,15,LFRF,2,1,3,1,7,4,1,2,0,1,1,Base,331,PHI
Mike,Lieberthal,270,8,15,C,7,0,1,3,4,6,0,4,0,2,1,Base,332,PHI
Scott,Rolen,390,8,15,3B,3,1,0,2,3,5,1,3,1,4,0,Base,335,PHI
Kevin,Sefcik,20,6,20,CF,2,0,3,1,5,7,2,1,1,0,1,Base,336,PHI
Kevin,Sefcik,20,6,20,LFRF,1,0,3,1,5,7,2,1,1,0,1,Base,336,PHI
Mike,Benjamin,110,6,20,2B,3,1,1,1,1,9,1,5,1,0,1,Base,339,PIT
Mike,Benjamin,110,6,20,3B,2,1,1,1,1,9,1,5,1,0,1,Base,339,PIT
Mike,Benjamin,110,6,20,SS,3,1,1,1,1,9,1,5,1,0,1,Base,339,PIT
Adrian,Brown,230,8,20,CF,1,0,4,0,3,8,2,1,1,1,0,Base,341,PIT
Adrian,Brown,230,8,20,LFRF,1,0,4,0,3,8,2,1,1,1,0,Base,341,PIT
Brian,Giles,510,10,15,CF,2,0,2,1,7,5,0,2,0,3,0,Base,342,PIT
Brian,Giles,510,10,15,LFRF,1,0,2,1,7,5,0,2,0,3,0,Base,342,PIT
Jason,Kendall,420,10,20,C,4,0,3,1,5,7,1,2,0,1,0,Base,343,PIT
Pat,Meares,100,6,10,SS,3,1,1,1,3,8,0,2,1,3,1,Base,344,PIT
Warren,Morris,120,8,15,2B,3,0,2,3,5,8,0,2,0,0,1,Base,345,PIT
Aramis,Ramirez,100,7,10,3B,1,0,2,2,1,9,0,4,1,1,1,Base,346,PIT
John,Vander Wal,510,10,15,LFRF,1,3,0,1,6,3,1,3,0,3,0,Base,350,PIT
Kevin,Young,140,7,15,1B,0,2,0,3,3,6,1,2,0,3,1,Base,352,PIT
Bret,Boone,160,7,15,2B,2,2,0,2,5,6,1,1,0,3,1,Base,354,SDP
Wiki,Gonzalez,50,6,15,C,6,0,3,1,5,6,0,3,1,1,1,Base,357,SDP
Damian,Jackson,250,8,20,2B,3,4,1,0,5,4,2,2,1,1,0,Base,359,SDP
Damian,Jackson,250,8,20,SS,3,4,1,0,5,4,2,2,1,1,0,Base,359,SDP
Ryan,Klesko,380,9,20,1B,0,1,2,1,7,3,1,2,0,3,1,Base,360,SDP
Phil,Nevin,360,9,15,3B,1,3,2,0,3,7,0,2,0,3,0,Base,361,SDP
Eric,Owens,180,8,20,CF,2,0,4,0,2,10,2,1,1,0,1,Base,362,SDP
Eric,Owens,180,8,20,LFRF,1,0,4,0,2,10,2,1,1,0,1,Base,362,SDP
Desi,Relaford,170,8,20,SS,2,1,2,2,9,4,1,0,0,1,1,Base,363,SDP
Ruben,Rivera,140,6,15,CF,2,3,0,0,7,2,1,1,2,4,1,Base,364,SDP
Ruben,Rivera,140,6,15,LFRF,1,3,0,0,7,2,1,1,2,4,1,Base,364,SDP
Rich,Aurilia,200,8,10,SS,3,1,1,3,4,7,0,2,0,2,1,Base,368,SFG
Marvin,Benard,230,8,20,CF,2,1,3,0,5,6,1,2,1,1,0,Base,369,SFG
Marvin,Benard,230,8,20,LFRF,1,1,3,0,5,6,1,2,1,1,0,Base,369,SFG
Barry,Bonds,650,10,15,LFRF,1,1,0,2,7,2,1,2,0,5,0,Base,370,SFG
Ellis,Burks,540,10,15,LFRF,1,0,2,1,4,7,0,2,1,3,0,Base,371,SFG
Bobby,Estalella,190,7,15,C,5,3,0,0,9,1,0,3,1,3,1,Base,372,SFG
Jeff,Kent,580,10,15,2B,3,1,0,2,5,5,1,2,1,3,0,Base,375,SFG
Doug,Mirabelli,100,7,15,C,5,3,0,1,8,4,0,2,1,1,1,Base,376,SFG
Bill,Mueller,170,8,15,3B,2,0,3,2,4,8,0,2,0,1,0,Base,377,SFG
Calvin,Murray,130,8,20,CF,1,1,0,4,7,4,2,2,0,0,0,Base,378,SFG
Calvin,Murray,130,8,20,LFRF,1,1,0,4,7,4,2,2,0,0,0,Base,378,SFG
Armando,Rios,200,7,15,LFRF,1,1,1,1,5,3,1,3,2,3,1,Base,381,SFG
J.T.,Snow,250,9,10,1B,0,3,1,1,5,6,0,2,0,2,1,Base,384,SFG
David,Bell,140,7,15,2B,2,0,2,2,5,7,0,2,0,2,0,Base,386,SEA
David,Bell,140,7,15,3B,2,0,2,2,5,7,0,2,0,2,0,Base,386,SEA
Jay,Buhner,310,8,10,LFRF,1,3,0,0,8,3,0,1,0,5,0,Base,387,SEA
Mike,Cameron,350,9,20,CF,2,3,0,2,6,4,1,2,0,2,1,Base,388,SEA
Mike,Cameron,350,9,20,LFRF,1,3,0,2,6,4,1,2,0,2,1,Base,388,SEA
Rickey,Henderson,170,9,20,LFRF,1,1,2,2,9,4,2,0,0,0,0,Base,390,SEA
Al,Martin,210,8,15,LFRF,1,1,4,0,2,8,1,0,2,2,1,Base,391,SEA
Edgar,Martinez,460,10,15,DH,0,1,1,1,6,6,0,2,0,3,0,Base,392,SEA
Mark,McLemore,170,8,20,2B,3,0,2,2,8,5,2,1,0,0,1,Base,393,SEA
John,Olerud,230,9,10,1B,1,0,2,1,7,6,0,3,0,1,1,Base,394,SEA
Alex,Rodriguez,550,10,15,SS,4,2,1,0,7,4,1,2,0,3,0,Base,397,SEA
Dan,Wilson,70,6,15,C,5,1,1,1,3,12,0,0,0,2,1,Base,400,SEA
Will,Clark,400,10,15,1B,0,1,1,2,6,6,0,2,0,2,1,Base,402,STL
J.D.,Drew,340,9,20,LFRF,1,3,0,0,7,6,1,1,0,2,1,Base,403,STL
Jim,Edmonds,560,10,15,CF,2,3,0,1,7,4,0,1,0,4,0,Base,404,STL
Jim,Edmonds,560,10,15,LFRF,1,3,0,1,7,4,0,1,0,4,0,Base,404,STL
Ray,Lankford,350,9,15,LFRF,1,5,0,0,7,3,0,1,1,3,1,Base,407,STL
Mike,Matheny,110,7,10,C,10,3,2,0,2,10,0,2,0,1,1,Base,408,STL
Mark,McGwire,580,10,10,1B,0,2,0,0,10,2,0,1,0,5,0,Base,409,STL
Craig,Paquette,120,6,15,3B,1,3,0,2,2,5,0,3,1,4,1,Base,410,STL
Craig,Paquette,120,6,15,LFRF,1,3,0,2,2,5,0,3,1,4,1,Base,410,STL
Placido,Polanco,220,8,15,2B,4,0,4,1,0,12,0,1,1,1,0,Base,411,STL
Placido,Polanco,220,8,15,SS,3,0,4,1,0,12,0,1,1,1,0,Base,411,STL
Edgar,Renteria,270,8,20,SS,3,0,3,1,4,7,1,2,0,2,0,Base,412,STL
Fernando,Tatis,260,8,15,3B,2,2,0,1,9,3,0,2,0,3,1,Base,414,STL
Fernando,Vina,240,9,15,2B,4,0,2,2,5,8,1,1,1,0,1,Base,417,STL
Miguel,Cairo,90,7,20,2B,2,0,3,1,3,8,3,2,0,0,0,Base,418,TBD
Vinny,Castilla,30,5,15,3B,2,0,3,0,0,13,0,0,0,4,1,Base,419,TBD
Steve,Cox,260,9,10,1B,0,0,3,1,6,6,0,2,0,2,1,Base,420,TBD
Steve,Cox,260,9,10,LFRF,1,0,3,1,6,6,0,2,0,2,1,Base,420,TBD
John,Flaherty,70,6,10,C,5,0,1,3,0,13,0,0,0,3,1,Base,422,TBD
Jose,Guillen,260,8,15,LFRF,1,2,2,1,4,5,0,2,1,3,1,Base,423,TBD
Russ,Johnson,90,7,15,2B,3,1,1,2,5,9,1,0,0,1,1,Base,425,TBD
Russ,Johnson,90,7,15,3B,2,1,1,2,5,9,1,0,0,1,1,Base,425,TBD
Felix,Martinez,90,6,20,SS,4,1,2,0,6,7,1,1,1,1,1,Base,427,TBD
Fred,McGriff,270,9,10,1B,0,2,2,1,5,7,0,0,0,3,0,Base,428,TBD
Greg,Vaughn,300,8,15,LFRF,1,3,0,0,8,2,1,2,0,4,1,Base,430,TBD
Gerald,Williams,160,7,15,CF,1,1,3,1,1,8,1,2,0,3,0,Base,431,TBD
Gerald,Williams,160,7,15,LFRF,1,1,3,1,1,8,1,2,0,3,0,Base,431,TBD
Luis,Alicea,190,9,10,2B,2,0,1,4,4,9,0,1,1,0,1,Base,433,TEX
Frank,Catalanotto,300,9,15,1B,0,0,2,2,5,7,1,1,0,2,1,Base,434,TEX
Frank,Catalanotto,300,9,15,2B,2,0,2,2,5,7,1,1,0,2,1,Base,434,TEX
Royce,Clayton,160,7,20,SS,3,1,4,1,3,6,1,1,1,2,0,Base,435,TEX
Chad,Curtis,160,8,15,LFRF,1,2,1,1,5,7,0,3,0,1,1,Base,437,TEX
Rusty,Greer,270,9,15,LFRF,1,0,3,1,5,6,0,4,0,1,0,Base,438,TEX
Gabe,Kapler,240,8,15,CF,1,0,2,1,3,8,1,3,0,2,1,Base,440,TEX
Gabe,Kapler,240,8,15,LFRF,1,0,2,1,3,8,1,3,0,2,1,Base,440,TEX
Mike,Lamb,60,7,10,3B,1,0,3,1,1,12,0,2,0,1,0,Base,441,TEX
Ricky,Ledee,140,7,20,LFRF,1,2,1,1,6,5,1,1,1,2,1,Base,442,TEX
Rafael,Palmeiro,390,9,15,1B,0,0,1,3,6,5,0,1,0,4,1,Base,443,TEX
Ivan,Rodriguez,530,9,15,C,9,0,4,1,0,6,1,3,1,4,0,Base,444,TEX
Tony,Batista,290,7,15,3B,2,3,1,1,1,6,0,2,0,6,0,Base,448,TOR
Jose,Cruz Jr.,270,7,20,CF,1,2,1,1,5,3,1,2,1,4,1,Base,449,TOR
Jose,Cruz Jr.,270,7,20,LFRF,1,2,1,1,5,3,1,2,1,4,1,Base,449,TOR
Carlos,Delgado,610,11,10,1B,0,1,2,0,7,4,0,3,0,3,0,Base,450,TOR
Darrin,Fletcher,250,8,10,C,3,0,3,1,0,11,0,2,0,3,1,Base,452,TOR
Brad,Fullmer,270,8,15,DH,0,0,2,3,2,6,0,3,0,4,0,Base,453,TOR
Alex S.,Gonzalez,130,7,15,SS,2,3,2,0,3,7,0,3,0,2,1,Base,454,TOR
Raul,Mondesi,280,7,20,LFRF,1,1,2,0,4,3,3,2,0,5,1,Base,458,TOR
Mickey,Morandini,80,7,15,2B,3,1,1,2,3,10,1,1,1,0,1,Base,459,TOR
Shannon,Stewart,370,9,20,LFRF,1,1,3,1,2,7,1,3,0,2,1,Base,461,TOR
Carlos,Guillen,150,7,15,3B,1,1,1,1,5,9,0,1,0,2,0,PR,174,SEA
Carlos,Guillen,150,7,15,SS,2,1,1,1,5,9,0,1,0,2,0,PR,174,SEA
Ben,Petrick,190,8,15,C,2,2,0,1,5,7,0,3,1,1,0,PR,175,COL
Albert,Pujols,100,6,15,3B,2,0,2,2,2,8,0,2,1,3,0,PR,168,STL
Albert,Pujols,100,6,15,LFRF,1,0,2,2,2,8,0,2,1,3,0,PR,168,STL
Ichiro,,400,10,20,LFRF,2,0,2,2,4,10,0,1,0,1,0,PR,169,SEA
Chris,Woodward,200,7,20,2B,3,5,0,1,3,6,0,3,0,2,0,PR,172,TOR
Chris,Woodward,200,7,20,SS,4,5,0,1,3,6,0,3,0,2,0,PR,172,TOR